"filename", "language", "YAML", "Python", "toml", "pip requirements", "Log", "JSON", "JavaScript", "HTML", "XML", "Markdown", "CSS", "comment", "blank", "total"
"e:\Programming\EliteMangaNew\Elitemanga-684ea95a36f1.json", "JSON", 0, 0, 0, 0, 0, 12, 0, 0, 0, 0, 0, 0, 1, 13
"e:\Programming\EliteMangaNew\Pipfile", "toml", 0, 0, 52, 0, 0, 0, 0, 0, 0, 0, 0, 0, 5, 57
"e:\Programming\EliteMangaNew\Pipfile.lock", "JSON", 0, 0, 0, 0, 0, 776, 0, 0, 0, 0, 0, 0, 1, 777
"e:\Programming\EliteMangaNew\app.yaml", "YAML", 6, 0, 0, 0, 0, 0, 0, 0, 0, 0, 0, 8, 1, 15
"e:\Programming\EliteMangaNew\backend\Manganelo\donemanga.json", "JSON", 0, 0, 0, 0, 0, 1, 0, 0, 0, 0, 0, 0, 0, 1
"e:\Programming\EliteMangaNew\backend\Manganelo\mangascraper.py", "Python", 0, 38, 0, 0, 0, 0, 0, 0, 0, 0, 0, 0, 4, 42
"e:\Programming\EliteMangaNew\backend\Manganelo\scraper.py", "Python", 0, 97, 0, 0, 0, 0, 0, 0, 0, 0, 0, 9, 9, 115
"e:\Programming\EliteMangaNew\backend\__init__.py", "Python", 0, 0, 0, 0, 0, 0, 0, 0, 0, 0, 0, 0, 1, 1
"e:\Programming\EliteMangaNew\backend\admin.py", "Python", 0, 53, 0, 0, 0, 0, 0, 0, 0, 0, 0, 10, 26, 89
"e:\Programming\EliteMangaNew\backend\apps.py", "Python", 0, 3, 0, 0, 0, 0, 0, 0, 0, 0, 0, 0, 3, 6
"e:\Programming\EliteMangaNew\backend\mal\animescraper.py", "Python", 0, 22, 0, 0, 0, 0, 0, 0, 0, 0, 0, 2, 4, 28
"e:\Programming\EliteMangaNew\backend\mal\doneanime.json", "JSON", 0, 0, 0, 0, 0, 1, 0, 0, 0, 0, 0, 0, 0, 1
"e:\Programming\EliteMangaNew\backend\mal\scraper.py", "Python", 0, 97, 0, 0, 0, 0, 0, 0, 0, 0, 0, 8, 10, 115
"e:\Programming\EliteMangaNew\backend\mal\specops.py", "Python", 0, 39, 0, 0, 0, 0, 0, 0, 0, 0, 0, 1, 4, 44
"e:\Programming\EliteMangaNew\backend\mal\upcominganime.json", "JSON", 0, 0, 0, 0, 0, 1, 0, 0, 0, 0, 0, 0, 0, 1
"e:\Programming\EliteMangaNew\backend\migrations\0001_initial.py", "Python", 0, 75, 0, 0, 0, 0, 0, 0, 0, 0, 0, 1, 7, 83
"e:\Programming\EliteMangaNew\backend\migrations\0002_auto_20200414_1801.py", "Python", 0, 54, 0, 0, 0, 0, 0, 0, 0, 0, 0, 1, 7, 62
"e:\Programming\EliteMangaNew\backend\migrations\0003_auto_20200416_1541.py", "Python", 0, 22, 0, 0, 0, 0, 0, 0, 0, 0, 0, 1, 6, 29
"e:\Programming\EliteMangaNew\backend\migrations\0004_auto_20200416_1638.py", "Python", 0, 12, 0, 0, 0, 0, 0, 0, 0, 0, 0, 1, 6, 19
"e:\Programming\EliteMangaNew\backend\migrations\0005_auto_20200416_1641.py", "Python", 0, 12, 0, 0, 0, 0, 0, 0, 0, 0, 0, 1, 6, 19
"e:\Programming\EliteMangaNew\backend\migrations\0006_media_weekly_reads.py", "Python", 0, 12, 0, 0, 0, 0, 0, 0, 0, 0, 0, 1, 6, 19
"e:\Programming\EliteMangaNew\backend\migrations\0007_auto_20200417_0100.py", "Python", 0, 12, 0, 0, 0, 0, 0, 0, 0, 0, 0, 1, 6, 19
"e:\Programming\EliteMangaNew\backend\migrations\0008_auto_20200417_0103.py", "Python", 0, 12, 0, 0, 0, 0, 0, 0, 0, 0, 0, 1, 6, 19
"e:\Programming\EliteMangaNew\backend\migrations\0009_auto_20200417_0103.py", "Python", 0, 12, 0, 0, 0, 0, 0, 0, 0, 0, 0, 1, 6, 19
"e:\Programming\EliteMangaNew\backend\migrations\0010_media_reviewed.py", "Python", 0, 12, 0, 0, 0, 0, 0, 0, 0, 0, 0, 1, 6, 19
"e:\Programming\EliteMangaNew\backend\migrations\0011_auto_20200421_1425.py", "Python", 0, 42, 0, 0, 0, 0, 0, 0, 0, 0, 0, 1, 6, 49
"e:\Programming\EliteMangaNew\backend\migrations\0012_auto_20200421_1428.py", "Python", 0, 17, 0, 0, 0, 0, 0, 0, 0, 0, 0, 1, 6, 24
"e:\Programming\EliteMangaNew\backend\migrations\0013_auto_20200421_1434.py", "Python", 0, 12, 0, 0, 0, 0, 0, 0, 0, 0, 0, 1, 6, 19
"e:\Programming\EliteMangaNew\backend\migrations\0014_auto_20200421_1436.py", "Python", 0, 37, 0, 0, 0, 0, 0, 0, 0, 0, 0, 1, 6, 44
"e:\Programming\EliteMangaNew\backend\migrations\0015_auto_20200429_1419.py", "Python", 0, 16, 0, 0, 0, 0, 0, 0, 0, 0, 0, 1, 6, 23
"e:\Programming\EliteMangaNew\backend\migrations\0016_list_listsection.py", "Python", 0, 28, 0, 0, 0, 0, 0, 0, 0, 0, 0, 1, 6, 35
"e:\Programming\EliteMangaNew\backend\migrations\0017_auto_20200502_1451.py", "Python", 0, 12, 0, 0, 0, 0, 0, 0, 0, 0, 0, 1, 6, 19
"e:\Programming\EliteMangaNew\backend\migrations\0018_list_image.py", "Python", 0, 13, 0, 0, 0, 0, 0, 0, 0, 0, 0, 1, 6, 20
"e:\Programming\EliteMangaNew\backend\migrations\0019_auto_20200509_1733.py", "Python", 0, 32, 0, 0, 0, 0, 0, 0, 0, 0, 0, 1, 6, 39
"e:\Programming\EliteMangaNew\backend\migrations\0020_remove_review_total_score.py", "Python", 0, 11, 0, 0, 0, 0, 0, 0, 0, 0, 0, 1, 6, 18
"e:\Programming\EliteMangaNew\backend\migrations\0021_auto_20200602_1431.py", "Python", 0, 12, 0, 0, 0, 0, 0, 0, 0, 0, 0, 1, 6, 19
"e:\Programming\EliteMangaNew\backend\migrations\0022_auto_20200603_1517.py", "Python", 0, 17, 0, 0, 0, 0, 0, 0, 0, 0, 0, 1, 6, 24
"e:\Programming\EliteMangaNew\backend\migrations\0023_auto_20200603_1956.py", "Python", 0, 12, 0, 0, 0, 0, 0, 0, 0, 0, 0, 1, 6, 19
"e:\Programming\EliteMangaNew\backend\migrations\0024_list_tags.py", "Python", 0, 14, 0, 0, 0, 0, 0, 0, 0, 0, 0, 1, 6, 21
"e:\Programming\EliteMangaNew\backend\migrations\0025_auto_20200610_1242.py", "Python", 0, 34, 0, 0, 0, 0, 0, 0, 0, 0, 0, 1, 6, 41
"e:\Programming\EliteMangaNew\backend\migrations\0026_auto_20200610_1356.py", "Python", 0, 31, 0, 0, 0, 0, 0, 0, 0, 0, 0, 1, 6, 38
"e:\Programming\EliteMangaNew\backend\migrations\0027_auto_20200610_1416.py", "Python", 0, 11, 0, 0, 0, 0, 0, 0, 0, 0, 0, 1, 6, 18
"e:\Programming\EliteMangaNew\backend\migrations\0028_auto_20200615_1135.py", "Python", 0, 12, 0, 0, 0, 0, 0, 0, 0, 0, 0, 1, 6, 19
"e:\Programming\EliteMangaNew\backend\migrations\0029_auto_20200617_0910.py", "Python", 0, 12, 0, 0, 0, 0, 0, 0, 0, 0, 0, 1, 6, 19
"e:\Programming\EliteMangaNew\backend\migrations\0030_auto_20200619_2311.py", "Python", 0, 12, 0, 0, 0, 0, 0, 0, 0, 0, 0, 1, 6, 19
"e:\Programming\EliteMangaNew\backend\migrations\0031_auto_20200629_1010.py", "Python", 0, 31, 0, 0, 0, 0, 0, 0, 0, 0, 0, 1, 6, 38
"e:\Programming\EliteMangaNew\backend\migrations\0032_auto_20200629_1442.py", "Python", 0, 37, 0, 0, 0, 0, 0, 0, 0, 0, 0, 1, 6, 44
"e:\Programming\EliteMangaNew\backend\migrations\0033_auto_20200629_1504.py", "Python", 0, 18, 0, 0, 0, 0, 0, 0, 0, 0, 0, 1, 6, 25
"e:\Programming\EliteMangaNew\backend\migrations\0034_remove_source_type.py", "Python", 0, 11, 0, 0, 0, 0, 0, 0, 0, 0, 0, 1, 6, 18
"e:\Programming\EliteMangaNew\backend\migrations\0035_auto_20200630_1549.py", "Python", 0, 16, 0, 0, 0, 0, 0, 0, 0, 0, 0, 1, 6, 23
"e:\Programming\EliteMangaNew\backend\migrations\__init__.py", "Python", 0, 0, 0, 0, 0, 0, 0, 0, 0, 0, 0, 0, 1, 1
"e:\Programming\EliteMangaNew\backend\models.py", "Python", 0, 168, 0, 0, 0, 0, 0, 0, 0, 0, 0, 16, 39, 223
"e:\Programming\EliteMangaNew\backend\receivedata\serializers.py", "Python", 0, 0, 0, 0, 0, 0, 0, 0, 0, 0, 0, 0, 1, 1
"e:\Programming\EliteMangaNew\backend\receivedata\viewsets.py", "Python", 0, 0, 0, 0, 0, 0, 0, 0, 0, 0, 0, 0, 1, 1
"e:\Programming\EliteMangaNew\backend\serializers.py", "Python", 0, 251, 0, 0, 0, 0, 0, 0, 0, 0, 0, 20, 56, 327
"e:\Programming\EliteMangaNew\backend\tests.py", "Python", 0, 1, 0, 0, 0, 0, 0, 0, 0, 0, 0, 1, 2, 4
"e:\Programming\EliteMangaNew\backend\urls.py", "Python", 0, 48, 0, 0, 0, 0, 0, 0, 0, 0, 0, 4, 4, 56
"e:\Programming\EliteMangaNew\backend\views.py", "Python", 0, 1, 0, 0, 0, 0, 0, 0, 0, 0, 0, 1, 2, 4
"e:\Programming\EliteMangaNew\backend\viewsets.py", "Python", 0, 464, 0, 0, 0, 0, 0, 0, 0, 0, 0, 210, 117, 791
"e:\Programming\EliteMangaNew\debug.log", "Log", 0, 0, 0, 0, 10, 0, 0, 0, 0, 0, 0, 0, 1, 11
"e:\Programming\EliteMangaNew\elitemanga\settings\__init__.py", "Python", 0, 0, 0, 0, 0, 0, 0, 0, 0, 0, 0, 0, 1, 1
"e:\Programming\EliteMangaNew\elitemanga\settings\base.py", "Python", 0, 94, 0, 0, 0, 0, 0, 0, 0, 0, 0, 0, 10, 104
"e:\Programming\EliteMangaNew\elitemanga\settings\dev.py", "Python", 0, 39, 0, 0, 0, 0, 0, 0, 0, 0, 0, 11, 8, 58
"e:\Programming\EliteMangaNew\elitemanga\settings\gcloud.py", "Python", 0, 12, 0, 0, 0, 0, 0, 0, 0, 0, 0, 12, 9, 33
"e:\Programming\EliteMangaNew\elitemanga\settings\prod.py", "Python", 0, 43, 0, 0, 0, 0, 0, 0, 0, 0, 0, 2, 10, 55
"e:\Programming\EliteMangaNew\elitemanga\urls.py", "Python", 0, 13, 0, 0, 0, 0, 0, 0, 0, 0, 0, 0, 2, 15
"e:\Programming\EliteMangaNew\elitemanga\wsgi.py", "Python", 0, 4, 0, 0, 0, 0, 0, 0, 0, 0, 0, 8, 5, 17
"e:\Programming\EliteMangaNew\fetchmanga\MangaEden\mangachapters\boku-no-hero-academia.json", "JSON", 0, 0, 0, 0, 0, 1, 0, 0, 0, 0, 0, 0, 0, 1
"e:\Programming\EliteMangaNew\fetchmanga\MangaEden\mangaid.json", "JSON", 0, 0, 0, 0, 0, 7041, 0, 0, 0, 0, 0, 0, 0, 7041
"e:\Programming\EliteMangaNew\fetchmanga\MangaEden\scraper.py", "Python", 0, 73, 0, 0, 0, 0, 0, 0, 0, 0, 0, 30, 14, 117
"e:\Programming\EliteMangaNew\fetchmanga\__init__.py", "Python", 0, 0, 0, 0, 0, 0, 0, 0, 0, 0, 0, 0, 1, 1
"e:\Programming\EliteMangaNew\main.py", "Python", 0, 2, 0, 0, 0, 0, 0, 0, 0, 0, 0, 7, 2, 11
"e:\Programming\EliteMangaNew\manage.py", "Python", 0, 15, 0, 0, 0, 0, 0, 0, 0, 0, 0, 2, 5, 22
"e:\Programming\EliteMangaNew\polls\__init__.py", "Python", 0, 0, 0, 0, 0, 0, 0, 0, 0, 0, 0, 0, 1, 1
"e:\Programming\EliteMangaNew\polls\admin.py", "Python", 0, 1, 0, 0, 0, 0, 0, 0, 0, 0, 0, 1, 2, 4
"e:\Programming\EliteMangaNew\polls\apps.py", "Python", 0, 3, 0, 0, 0, 0, 0, 0, 0, 0, 0, 0, 3, 6
"e:\Programming\EliteMangaNew\polls\migrations\__init__.py", "Python", 0, 0, 0, 0, 0, 0, 0, 0, 0, 0, 0, 0, 1, 1
"e:\Programming\EliteMangaNew\polls\models.py", "Python", 0, 7, 0, 0, 0, 0, 0, 0, 0, 0, 0, 1, 2, 10
"e:\Programming\EliteMangaNew\polls\tests.py", "Python", 0, 1, 0, 0, 0, 0, 0, 0, 0, 0, 0, 1, 2, 4
"e:\Programming\EliteMangaNew\polls\views.py", "Python", 0, 1, 0, 0, 0, 0, 0, 0, 0, 0, 0, 1, 2, 4
"e:\Programming\EliteMangaNew\requirements.txt", "pip requirements", 0, 0, 0, 52, 0, 0, 0, 0, 0, 0, 0, 0, 1, 53
"e:\Programming\EliteMangaNew\static\admin\css\autocomplete.css", "CSS", 0, 0, 0, 0, 0, 0, 0, 0, 0, 0, 213, 0, 48, 261
"e:\Programming\EliteMangaNew\static\admin\css\base.css", "CSS", 0, 0, 0, 0, 0, 0, 0, 0, 0, 0, 776, 22, 190, 988
"e:\Programming\EliteMangaNew\static\admin\css\changelists.css", "CSS", 0, 0, 0, 0, 0, 0, 0, 0, 0, 0, 277, 7, 61, 345
"e:\Programming\EliteMangaNew\static\admin\css\dashboard.css", "CSS", 0, 0, 0, 0, 0, 0, 0, 0, 0, 0, 19, 2, 7, 28
"e:\Programming\EliteMangaNew\static\admin\css\fonts.css", "CSS", 0, 0, 0, 0, 0, 0, 0, 0, 0, 0, 18, 0, 3, 21
"e:\Programming\EliteMangaNew\static\admin\css\forms.css", "CSS", 0, 0, 0, 0, 0, 0, 0, 0, 0, 0, 417, 11, 105, 533
"e:\Programming\EliteMangaNew\static\admin\css\login.css", "CSS", 0, 0, 0, 0, 0, 0, 0, 0, 0, 0, 65, 1, 14, 80
"e:\Programming\EliteMangaNew\static\admin\css\responsive.css", "CSS", 0, 0, 0, 0, 0, 0, 0, 0, 0, 0, 748, 28, 217, 993
"e:\Programming\EliteMangaNew\static\admin\css\responsive_rtl.css", "CSS", 0, 0, 0, 0, 0, 0, 0, 0, 0, 0, 67, 2, 16, 85
"e:\Programming\EliteMangaNew\static\admin\css\rtl.css", "CSS", 0, 0, 0, 0, 0, 0, 0, 0, 0, 0, 199, 10, 61, 270
"e:\Programming\EliteMangaNew\static\admin\css\vendor\select2\LICENSE-SELECT2.md", "Markdown", 0, 0, 0, 0, 0, 0, 0, 0, 0, 17, 0, 0, 5, 22
"e:\Programming\EliteMangaNew\static\admin\css\vendor\select2\select2.css", "CSS", 0, 0, 0, 0, 0, 0, 0, 0, 0, 0, 427, 0, 58, 485
"e:\Programming\EliteMangaNew\static\admin\css\vendor\select2\select2.min.css", "CSS", 0, 0, 0, 0, 0, 0, 0, 0, 0, 0, 1, 0, 1, 2
"e:\Programming\EliteMangaNew\static\admin\css\widgets.css", "CSS", 0, 0, 0, 0, 0, 0, 0, 0, 0, 0, 458, 8, 100, 566
"e:\Programming\EliteMangaNew\static\admin\img\calendar-icons.svg", "XML", 0, 0, 0, 0, 0, 0, 0, 0, 14, 0, 0, 0, 1, 15
"e:\Programming\EliteMangaNew\static\admin\img\gis\move_vertex_off.svg", "XML", 0, 0, 0, 0, 0, 0, 0, 0, 1, 0, 0, 0, 0, 1
"e:\Programming\EliteMangaNew\static\admin\img\gis\move_vertex_on.svg", "XML", 0, 0, 0, 0, 0, 0, 0, 0, 1, 0, 0, 0, 0, 1
"e:\Programming\EliteMangaNew\static\admin\img\icon-addlink.svg", "XML", 0, 0, 0, 0, 0, 0, 0, 0, 3, 0, 0, 0, 1, 4
"e:\Programming\EliteMangaNew\static\admin\img\icon-alert.svg", "XML", 0, 0, 0, 0, 0, 0, 0, 0, 3, 0, 0, 0, 1, 4
"e:\Programming\EliteMangaNew\static\admin\img\icon-calendar.svg", "XML", 0, 0, 0, 0, 0, 0, 0, 0, 9, 0, 0, 0, 1, 10
"e:\Programming\EliteMangaNew\static\admin\img\icon-changelink.svg", "XML", 0, 0, 0, 0, 0, 0, 0, 0, 3, 0, 0, 0, 1, 4
"e:\Programming\EliteMangaNew\static\admin\img\icon-clock.svg", "XML", 0, 0, 0, 0, 0, 0, 0, 0, 9, 0, 0, 0, 1, 10
"e:\Programming\EliteMangaNew\static\admin\img\icon-deletelink.svg", "XML", 0, 0, 0, 0, 0, 0, 0, 0, 3, 0, 0, 0, 1, 4
"e:\Programming\EliteMangaNew\static\admin\img\icon-no.svg", "XML", 0, 0, 0, 0, 0, 0, 0, 0, 3, 0, 0, 0, 1, 4
"e:\Programming\EliteMangaNew\static\admin\img\icon-unknown-alt.svg", "XML", 0, 0, 0, 0, 0, 0, 0, 0, 3, 0, 0, 0, 1, 4
"e:\Programming\EliteMangaNew\static\admin\img\icon-unknown.svg", "XML", 0, 0, 0, 0, 0, 0, 0, 0, 3, 0, 0, 0, 1, 4
"e:\Programming\EliteMangaNew\static\admin\img\icon-viewlink.svg", "XML", 0, 0, 0, 0, 0, 0, 0, 0, 3, 0, 0, 0, 1, 4
"e:\Programming\EliteMangaNew\static\admin\img\icon-yes.svg", "XML", 0, 0, 0, 0, 0, 0, 0, 0, 3, 0, 0, 0, 1, 4
"e:\Programming\EliteMangaNew\static\admin\img\inline-delete.svg", "XML", 0, 0, 0, 0, 0, 0, 0, 0, 3, 0, 0, 0, 1, 4
"e:\Programming\EliteMangaNew\static\admin\img\search.svg", "XML", 0, 0, 0, 0, 0, 0, 0, 0, 3, 0, 0, 0, 1, 4
"e:\Programming\EliteMangaNew\static\admin\img\selector-icons.svg", "XML", 0, 0, 0, 0, 0, 0, 0, 0, 34, 0, 0, 0, 1, 35
"e:\Programming\EliteMangaNew\static\admin\img\sorting-icons.svg", "XML", 0, 0, 0, 0, 0, 0, 0, 0, 19, 0, 0, 0, 1, 20
"e:\Programming\EliteMangaNew\static\admin\img\tooltag-add.svg", "XML", 0, 0, 0, 0, 0, 0, 0, 0, 3, 0, 0, 0, 1, 4
"e:\Programming\EliteMangaNew\static\admin\img\tooltag-arrowright.svg", "XML", 0, 0, 0, 0, 0, 0, 0, 0, 3, 0, 0, 0, 1, 4
"e:\Programming\EliteMangaNew\static\admin\js\SelectBox.js", "JavaScript", 0, 0, 0, 0, 0, 0, 138, 0, 0, 0, 0, 6, 1, 145
"e:\Programming\EliteMangaNew\static\admin\js\SelectFilter2.js", "JavaScript", 0, 0, 0, 0, 0, 0, 198, 0, 0, 0, 0, 29, 20, 247
"e:\Programming\EliteMangaNew\static\admin\js\actions.js", "JavaScript", 0, 0, 0, 0, 0, 0, 146, 0, 0, 0, 0, 6, 2, 154
"e:\Programming\EliteMangaNew\static\admin\js\actions.min.js", "JavaScript", 0, 0, 0, 0, 0, 0, 7, 0, 0, 0, 0, 0, 1, 8
"e:\Programming\EliteMangaNew\static\admin\js\admin\DateTimeShortcuts.js", "JavaScript", 0, 0, 0, 0, 0, 0, 327, 0, 0, 0, 0, 70, 27, 424
"e:\Programming\EliteMangaNew\static\admin\js\admin\RelatedObjectLookups.js", "JavaScript", 0, 0, 0, 0, 0, 0, 153, 0, 0, 0, 0, 12, 17, 182
"e:\Programming\EliteMangaNew\static\admin\js\autocomplete.js", "JavaScript", 0, 0, 0, 0, 0, 0, 32, 0, 0, 0, 0, 2, 4, 38
"e:\Programming\EliteMangaNew\static\admin\js\calendar.js", "JavaScript", 0, 0, 0, 0, 0, 0, 164, 0, 0, 0, 0, 28, 17, 209
"e:\Programming\EliteMangaNew\static\admin\js\cancel.js", "JavaScript", 0, 0, 0, 0, 0, 0, 13, 0, 0, 0, 0, 0, 1, 14
"e:\Programming\EliteMangaNew\static\admin\js\change_form.js", "JavaScript", 0, 0, 0, 0, 0, 0, 17, 0, 0, 0, 0, 1, 3, 21
"e:\Programming\EliteMangaNew\static\admin\js\collapse.js", "JavaScript", 0, 0, 0, 0, 0, 0, 48, 0, 0, 0, 0, 6, 2, 56
"e:\Programming\EliteMangaNew\static\admin\js\collapse.min.js", "JavaScript", 0, 0, 0, 0, 0, 0, 3, 0, 0, 0, 0, 0, 1, 4
"e:\Programming\EliteMangaNew\static\admin\js\core.js", "JavaScript", 0, 0, 0, 0, 0, 0, 171, 0, 0, 0, 0, 22, 20, 213
"e:\Programming\EliteMangaNew\static\admin\js\inlines.js", "JavaScript", 0, 0, 0, 0, 0, 0, 236, 0, 0, 0, 0, 47, 16, 299
"e:\Programming\EliteMangaNew\static\admin\js\inlines.min.js", "JavaScript", 0, 0, 0, 0, 0, 0, 13, 0, 0, 0, 0, 0, 1, 14
"e:\Programming\EliteMangaNew\static\admin\js\jquery.init.js", "JavaScript", 0, 0, 0, 0, 0, 0, 2, 0, 0, 0, 0, 6, 1, 9
"e:\Programming\EliteMangaNew\static\admin\js\popup_response.js", "JavaScript", 0, 0, 0, 0, 0, 0, 15, 0, 0, 0, 0, 1, 1, 17
"e:\Programming\EliteMangaNew\static\admin\js\prepopulate.js", "JavaScript", 0, 0, 0, 0, 0, 0, 28, 0, 0, 0, 0, 10, 5, 43
"e:\Programming\EliteMangaNew\static\admin\js\prepopulate.min.js", "JavaScript", 0, 0, 0, 0, 0, 0, 1, 0, 0, 0, 0, 0, 1, 2
"e:\Programming\EliteMangaNew\static\admin\js\prepopulate_init.js", "JavaScript", 0, 0, 0, 0, 0, 0, 10, 0, 0, 0, 0, 0, 1, 11
"e:\Programming\EliteMangaNew\static\admin\js\timeparse.js", "JavaScript", 0, 0, 0, 0, 0, 0, 97, 0, 0, 0, 0, 7, 3, 107
"e:\Programming\EliteMangaNew\static\admin\js\urlify.js", "JavaScript", 0, 0, 0, 0, 0, 0, 181, 0, 0, 0, 0, 8, 7, 196
"e:\Programming\EliteMangaNew\static\admin\js\vendor\jquery\jquery.js", "JavaScript", 0, 0, 0, 0, 0, 0, 6689, 0, 0, 0, 0, 1726, 1951, 10366
"e:\Programming\EliteMangaNew\static\admin\js\vendor\jquery\jquery.min.js", "JavaScript", 0, 0, 0, 0, 0, 0, 1, 0, 0, 0, 0, 1, 1, 3
"e:\Programming\EliteMangaNew\static\admin\js\vendor\select2\LICENSE.md", "Markdown", 0, 0, 0, 0, 0, 0, 0, 0, 0, 17, 0, 0, 5, 22
"e:\Programming\EliteMangaNew\static\admin\js\vendor\select2\i18n\ar.js", "JavaScript", 0, 0, 0, 0, 0, 0, 1, 0, 0, 0, 0, 1, 1, 3
"e:\Programming\EliteMangaNew\static\admin\js\vendor\select2\i18n\az.js", "JavaScript", 0, 0, 0, 0, 0, 0, 1, 0, 0, 0, 0, 1, 1, 3
"e:\Programming\EliteMangaNew\static\admin\js\vendor\select2\i18n\bg.js", "JavaScript", 0, 0, 0, 0, 0, 0, 1, 0, 0, 0, 0, 1, 1, 3
"e:\Programming\EliteMangaNew\static\admin\js\vendor\select2\i18n\ca.js", "JavaScript", 0, 0, 0, 0, 0, 0, 1, 0, 0, 0, 0, 1, 1, 3
"e:\Programming\EliteMangaNew\static\admin\js\vendor\select2\i18n\cs.js", "JavaScript", 0, 0, 0, 0, 0, 0, 1, 0, 0, 0, 0, 1, 1, 3
"e:\Programming\EliteMangaNew\static\admin\js\vendor\select2\i18n\da.js", "JavaScript", 0, 0, 0, 0, 0, 0, 1, 0, 0, 0, 0, 1, 1, 3
"e:\Programming\EliteMangaNew\static\admin\js\vendor\select2\i18n\de.js", "JavaScript", 0, 0, 0, 0, 0, 0, 1, 0, 0, 0, 0, 1, 1, 3
"e:\Programming\EliteMangaNew\static\admin\js\vendor\select2\i18n\el.js", "JavaScript", 0, 0, 0, 0, 0, 0, 1, 0, 0, 0, 0, 1, 1, 3
"e:\Programming\EliteMangaNew\static\admin\js\vendor\select2\i18n\en.js", "JavaScript", 0, 0, 0, 0, 0, 0, 1, 0, 0, 0, 0, 1, 1, 3
"e:\Programming\EliteMangaNew\static\admin\js\vendor\select2\i18n\es.js", "JavaScript", 0, 0, 0, 0, 0, 0, 1, 0, 0, 0, 0, 1, 1, 3
"e:\Programming\EliteMangaNew\static\admin\js\vendor\select2\i18n\et.js", "JavaScript", 0, 0, 0, 0, 0, 0, 1, 0, 0, 0, 0, 1, 1, 3
"e:\Programming\EliteMangaNew\static\admin\js\vendor\select2\i18n\eu.js", "JavaScript", 0, 0, 0, 0, 0, 0, 1, 0, 0, 0, 0, 1, 1, 3
"e:\Programming\EliteMangaNew\static\admin\js\vendor\select2\i18n\fa.js", "JavaScript", 0, 0, 0, 0, 0, 0, 1, 0, 0, 0, 0, 1, 1, 3
"e:\Programming\EliteMangaNew\static\admin\js\vendor\select2\i18n\fi.js", "JavaScript", 0, 0, 0, 0, 0, 0, 1, 0, 0, 0, 0, 1, 1, 3
"e:\Programming\EliteMangaNew\static\admin\js\vendor\select2\i18n\fr.js", "JavaScript", 0, 0, 0, 0, 0, 0, 1, 0, 0, 0, 0, 1, 1, 3
"e:\Programming\EliteMangaNew\static\admin\js\vendor\select2\i18n\gl.js", "JavaScript", 0, 0, 0, 0, 0, 0, 1, 0, 0, 0, 0, 1, 1, 3
"e:\Programming\EliteMangaNew\static\admin\js\vendor\select2\i18n\he.js", "JavaScript", 0, 0, 0, 0, 0, 0, 1, 0, 0, 0, 0, 1, 1, 3
"e:\Programming\EliteMangaNew\static\admin\js\vendor\select2\i18n\hi.js", "JavaScript", 0, 0, 0, 0, 0, 0, 1, 0, 0, 0, 0, 1, 1, 3
"e:\Programming\EliteMangaNew\static\admin\js\vendor\select2\i18n\hr.js", "JavaScript", 0, 0, 0, 0, 0, 0, 1, 0, 0, 0, 0, 1, 1, 3
"e:\Programming\EliteMangaNew\static\admin\js\vendor\select2\i18n\hu.js", "JavaScript", 0, 0, 0, 0, 0, 0, 1, 0, 0, 0, 0, 1, 1, 3
"e:\Programming\EliteMangaNew\static\admin\js\vendor\select2\i18n\id.js", "JavaScript", 0, 0, 0, 0, 0, 0, 1, 0, 0, 0, 0, 1, 1, 3
"e:\Programming\EliteMangaNew\static\admin\js\vendor\select2\i18n\is.js", "JavaScript", 0, 0, 0, 0, 0, 0, 1, 0, 0, 0, 0, 1, 1, 3
"e:\Programming\EliteMangaNew\static\admin\js\vendor\select2\i18n\it.js", "JavaScript", 0, 0, 0, 0, 0, 0, 1, 0, 0, 0, 0, 1, 1, 3
"e:\Programming\EliteMangaNew\static\admin\js\vendor\select2\i18n\ja.js", "JavaScript", 0, 0, 0, 0, 0, 0, 1, 0, 0, 0, 0, 1, 1, 3
"e:\Programming\EliteMangaNew\static\admin\js\vendor\select2\i18n\km.js", "JavaScript", 0, 0, 0, 0, 0, 0, 1, 0, 0, 0, 0, 1, 1, 3
"e:\Programming\EliteMangaNew\static\admin\js\vendor\select2\i18n\ko.js", "JavaScript", 0, 0, 0, 0, 0, 0, 1, 0, 0, 0, 0, 1, 1, 3
"e:\Programming\EliteMangaNew\static\admin\js\vendor\select2\i18n\lt.js", "JavaScript", 0, 0, 0, 0, 0, 0, 1, 0, 0, 0, 0, 1, 1, 3
"e:\Programming\EliteMangaNew\static\admin\js\vendor\select2\i18n\lv.js", "JavaScript", 0, 0, 0, 0, 0, 0, 1, 0, 0, 0, 0, 1, 1, 3
"e:\Programming\EliteMangaNew\static\admin\js\vendor\select2\i18n\mk.js", "JavaScript", 0, 0, 0, 0, 0, 0, 1, 0, 0, 0, 0, 1, 1, 3
"e:\Programming\EliteMangaNew\static\admin\js\vendor\select2\i18n\ms.js", "JavaScript", 0, 0, 0, 0, 0, 0, 1, 0, 0, 0, 0, 1, 1, 3
"e:\Programming\EliteMangaNew\static\admin\js\vendor\select2\i18n\nb.js", "JavaScript", 0, 0, 0, 0, 0, 0, 1, 0, 0, 0, 0, 1, 1, 3
"e:\Programming\EliteMangaNew\static\admin\js\vendor\select2\i18n\nl.js", "JavaScript", 0, 0, 0, 0, 0, 0, 1, 0, 0, 0, 0, 1, 1, 3
"e:\Programming\EliteMangaNew\static\admin\js\vendor\select2\i18n\pl.js", "JavaScript", 0, 0, 0, 0, 0, 0, 1, 0, 0, 0, 0, 1, 1, 3
"e:\Programming\EliteMangaNew\static\admin\js\vendor\select2\i18n\pt-BR.js", "JavaScript", 0, 0, 0, 0, 0, 0, 1, 0, 0, 0, 0, 1, 1, 3
"e:\Programming\EliteMangaNew\static\admin\js\vendor\select2\i18n\pt.js", "JavaScript", 0, 0, 0, 0, 0, 0, 1, 0, 0, 0, 0, 1, 1, 3
"e:\Programming\EliteMangaNew\static\admin\js\vendor\select2\i18n\ro.js", "JavaScript", 0, 0, 0, 0, 0, 0, 1, 0, 0, 0, 0, 1, 1, 3
"e:\Programming\EliteMangaNew\static\admin\js\vendor\select2\i18n\ru.js", "JavaScript", 0, 0, 0, 0, 0, 0, 1, 0, 0, 0, 0, 1, 1, 3
"e:\Programming\EliteMangaNew\static\admin\js\vendor\select2\i18n\sk.js", "JavaScript", 0, 0, 0, 0, 0, 0, 1, 0, 0, 0, 0, 1, 1, 3
"e:\Programming\EliteMangaNew\static\admin\js\vendor\select2\i18n\sr-Cyrl.js", "JavaScript", 0, 0, 0, 0, 0, 0, 1, 0, 0, 0, 0, 1, 1, 3
"e:\Programming\EliteMangaNew\static\admin\js\vendor\select2\i18n\sr.js", "JavaScript", 0, 0, 0, 0, 0, 0, 1, 0, 0, 0, 0, 1, 1, 3
"e:\Programming\EliteMangaNew\static\admin\js\vendor\select2\i18n\sv.js", "JavaScript", 0, 0, 0, 0, 0, 0, 1, 0, 0, 0, 0, 1, 1, 3
"e:\Programming\EliteMangaNew\static\admin\js\vendor\select2\i18n\th.js", "JavaScript", 0, 0, 0, 0, 0, 0, 1, 0, 0, 0, 0, 1, 1, 3
"e:\Programming\EliteMangaNew\static\admin\js\vendor\select2\i18n\tr.js", "JavaScript", 0, 0, 0, 0, 0, 0, 1, 0, 0, 0, 0, 1, 1, 3
"e:\Programming\EliteMangaNew\static\admin\js\vendor\select2\i18n\uk.js", "JavaScript", 0, 0, 0, 0, 0, 0, 1, 0, 0, 0, 0, 1, 1, 3
"e:\Programming\EliteMangaNew\static\admin\js\vendor\select2\i18n\vi.js", "JavaScript", 0, 0, 0, 0, 0, 0, 1, 0, 0, 0, 0, 1, 1, 3
"e:\Programming\EliteMangaNew\static\admin\js\vendor\select2\i18n\zh-CN.js", "JavaScript", 0, 0, 0, 0, 0, 0, 1, 0, 0, 0, 0, 1, 1, 3
"e:\Programming\EliteMangaNew\static\admin\js\vendor\select2\i18n\zh-TW.js", "JavaScript", 0, 0, 0, 0, 0, 0, 1, 0, 0, 0, 0, 1, 1, 3
"e:\Programming\EliteMangaNew\static\admin\js\vendor\select2\select2.full.js", "JavaScript", 0, 0, 0, 0, 0, 0, 4841, 0, 0, 0, 0, 327, 1269, 6437
"e:\Programming\EliteMangaNew\static\admin\js\vendor\select2\select2.full.min.js", "JavaScript", 0, 0, 0, 0, 0, 0, 3, 0, 0, 0, 0, 0, 0, 3
"e:\Programming\EliteMangaNew\static\admin\js\vendor\xregexp\xregexp.js", "JavaScript", 0, 0, 0, 0, 0, 0, 1223, 0, 0, 0, 0, 920, 166, 2309
"e:\Programming\EliteMangaNew\static\admin\js\vendor\xregexp\xregexp.min.js", "JavaScript", 0, 0, 0, 0, 0, 0, 9, 0, 0, 0, 0, 9, 1, 19
"e:\Programming\EliteMangaNew\static\rest_framework\css\bootstrap-theme.min.css", "CSS", 0, 0, 0, 0, 0, 0, 0, 0, 0, 0, 1, 5, 0, 6
"e:\Programming\EliteMangaNew\static\rest_framework\css\bootstrap-tweaks.css", "CSS", 0, 0, 0, 0, 0, 0, 0, 0, 0, 0, 174, 15, 45, 234
"e:\Programming\EliteMangaNew\static\rest_framework\css\bootstrap.min.css", "CSS", 0, 0, 0, 0, 0, 0, 0, 0, 0, 0, 1, 5, 0, 6
"e:\Programming\EliteMangaNew\static\rest_framework\css\default.css", "CSS", 0, 0, 0, 0, 0, 0, 0, 0, 0, 0, 62, 3, 18, 83
"e:\Programming\EliteMangaNew\static\rest_framework\css\font-awesome-4.0.3.css", "CSS", 0, 0, 0, 0, 0, 0, 0, 0, 0, 0, 1329, 9, 1, 1339
"e:\Programming\EliteMangaNew\static\rest_framework\css\prettify.css", "CSS", 0, 0, 0, 0, 0, 0, 0, 0, 0, 0, 27, 1, 2, 30
"e:\Programming\EliteMangaNew\static\rest_framework\docs\css\base.css", "CSS", 0, 0, 0, 0, 0, 0, 0, 0, 0, 0, 284, 4, 65, 353
"e:\Programming\EliteMangaNew\static\rest_framework\docs\css\highlight.css", "CSS", 0, 0, 0, 0, 0, 0, 0, 0, 0, 0, 101, 6, 19, 126
"e:\Programming\EliteMangaNew\static\rest_framework\docs\css\jquery.json-view.min.css", "CSS", 0, 0, 0, 0, 0, 0, 0, 0, 0, 0, 11, 0, 0, 11
"e:\Programming\EliteMangaNew\static\rest_framework\docs\js\api.js", "JavaScript", 0, 0, 0, 0, 0, 0, 264, 0, 0, 0, 0, 21, 37, 322
"e:\Programming\EliteMangaNew\static\rest_framework\docs\js\highlight.pack.js", "JavaScript", 0, 0, 0, 0, 0, 0, 2, 0, 0, 0, 0, 0, 0, 2
"e:\Programming\EliteMangaNew\static\rest_framework\docs\js\jquery.json-view.min.js", "JavaScript", 0, 0, 0, 0, 0, 0, 1, 0, 0, 0, 0, 6, 0, 7
"e:\Programming\EliteMangaNew\static\rest_framework\fonts\fontawesome-webfont.svg", "XML", 0, 0, 0, 0, 0, 0, 0, 0, 414, 0, 0, 0, 1, 415
"e:\Programming\EliteMangaNew\static\rest_framework\fonts\glyphicons-halflings-regular.svg", "XML", 0, 0, 0, 0, 0, 0, 0, 0, 288, 0, 0, 0, 1, 289
"e:\Programming\EliteMangaNew\static\rest_framework\js\ajax-form.js", "JavaScript", 0, 0, 0, 0, 0, 0, 59, 0, 0, 0, 0, 57, 12, 128
"e:\Programming\EliteMangaNew\static\rest_framework\js\bootstrap.min.js", "JavaScript", 0, 0, 0, 0, 0, 0, 1, 0, 0, 0, 0, 5, 0, 6
"e:\Programming\EliteMangaNew\static\rest_framework\js\coreapi-0.1.1.js", "JavaScript", 0, 0, 0, 0, 0, 0, 1163, 0, 0, 0, 0, 613, 267, 2043
"e:\Programming\EliteMangaNew\static\rest_framework\js\csrf.js", "JavaScript", 0, 0, 0, 0, 0, 0, 34, 0, 0, 0, 0, 9, 10, 53
"e:\Programming\EliteMangaNew\static\rest_framework\js\default.js", "JavaScript", 0, 0, 0, 0, 0, 0, 32, 0, 0, 0, 0, 6, 10, 48
"e:\Programming\EliteMangaNew\static\rest_framework\js\jquery-3.3.1.min.js", "JavaScript", 0, 0, 0, 0, 0, 0, 1, 0, 0, 0, 0, 1, 1, 3
"e:\Programming\EliteMangaNew\static\rest_framework\js\prettify-min.js", "JavaScript", 0, 0, 0, 0, 0, 0, 28, 0, 0, 0, 0, 0, 1, 29
"e:\Programming\EliteMangaNew\ui\README.md", "Markdown", 0, 0, 0, 0, 0, 0, 0, 0, 0, 37, 0, 0, 32, 69
"e:\Programming\EliteMangaNew\ui\debug.log", "Log", 0, 0, 0, 0, 3133, 0, 0, 0, 0, 0, 0, 0, 1, 3134
"e:\Programming\EliteMangaNew\ui\firebase-debug.log", "Log", 0, 0, 0, 0, 18, 0, 0, 0, 0, 0, 0, 0, 4, 22
"e:\Programming\EliteMangaNew\ui\package-lock.json", "JSON", 0, 0, 0, 0, 0, 16231, 0, 0, 0, 0, 0, 0, 1, 16232
"e:\Programming\EliteMangaNew\ui\package.json", "JSON", 0, 0, 0, 0, 0, 54, 0, 0, 0, 0, 0, 0, 1, 55
"e:\Programming\EliteMangaNew\ui\public\debug.log", "Log", 0, 0, 0, 0, 5, 0, 0, 0, 0, 0, 0, 0, 1, 6
"e:\Programming\EliteMangaNew\ui\public\firebase-messaging-sw.js", "JavaScript", 0, 0, 0, 0, 0, 0, 21, 0, 0, 0, 0, 1, 4, 26
"e:\Programming\EliteMangaNew\ui\public\index.html", "HTML", 0, 0, 0, 0, 0, 0, 0, 38, 0, 0, 0, 14, 3, 55
"e:\Programming\EliteMangaNew\ui\public\manifest.json", "JSON", 0, 0, 0, 0, 0, 26, 0, 0, 0, 0, 0, 0, 1, 27
"e:\Programming\EliteMangaNew\ui\src\App.css", "CSS", 0, 0, 0, 0, 0, 0, 0, 0, 0, 0, 824, 27, 9, 860
"e:\Programming\EliteMangaNew\ui\src\App.js", "JavaScript", 0, 0, 0, 0, 0, 0, 8, 0, 0, 0, 0, 41, 6, 55
"e:\Programming\EliteMangaNew\ui\src\App.test.js", "JavaScript", 0, 0, 0, 0, 0, 0, 8, 0, 0, 0, 0, 0, 2, 10
"e:\Programming\EliteMangaNew\ui\src\Display\HOC\axiosConfig.js", "JavaScript", 0, 0, 0, 0, 0, 0, 9, 0, 0, 0, 0, 0, 3, 12
"e:\Programming\EliteMangaNew\ui\src\Display\HOC\manga\Chapter.js", "JavaScript", 0, 0, 0, 0, 0, 0, 23, 0, 0, 0, 0, 0, 2, 25
"e:\Programming\EliteMangaNew\ui\src\Display\HOC\manga\ChapterList.js", "JavaScript", 0, 0, 0, 0, 0, 0, 32, 0, 0, 0, 0, 0, 2, 34
"e:\Programming\EliteMangaNew\ui\src\Display\HOC\manga\Favorites.js", "JavaScript", 0, 0, 0, 0, 0, 0, 38, 0, 0, 0, 0, 0, 2, 40
"e:\Programming\EliteMangaNew\ui\src\Display\HOC\manga\GetManga.js", "JavaScript", 0, 0, 0, 0, 0, 0, 48, 0, 0, 0, 0, 0, 4, 52
"e:\Programming\EliteMangaNew\ui\src\Display\HOC\manga\Mangainfo.js", "JavaScript", 0, 0, 0, 0, 0, 0, 100, 0, 0, 0, 0, 0, 3, 103
"e:\Programming\EliteMangaNew\ui\src\Display\HOC\usermanga\GetUserManga.js", "JavaScript", 0, 0, 0, 0, 0, 0, 21, 0, 0, 0, 0, 0, 1, 22
"e:\Programming\EliteMangaNew\ui\src\Display\HOC\usermanga\UserManga.js", "JavaScript", 0, 0, 0, 0, 0, 0, 29, 0, 0, 0, 0, 0, 2, 31
"e:\Programming\EliteMangaNew\ui\src\Display\HOC\usermanga\addManga.js", "JavaScript", 0, 0, 0, 0, 0, 0, 10, 0, 0, 0, 0, 0, 2, 12
"e:\Programming\EliteMangaNew\ui\src\Display\Web\Layout\Footer.js", "JavaScript", 0, 0, 0, 0, 0, 0, 166, 0, 0, 0, 0, 0, 5, 171
"e:\Programming\EliteMangaNew\ui\src\Display\Web\Layout\Layout.js", "JavaScript", 0, 0, 0, 0, 0, 0, 272, 0, 0, 0, 0, 24, 9, 305
"e:\Programming\EliteMangaNew\ui\src\Display\Web\Pages\ChapterList\ChapterList.js", "JavaScript", 0, 0, 0, 0, 0, 0, 105, 0, 0, 0, 0, 2, 2, 109
"e:\Programming\EliteMangaNew\ui\src\Display\Web\Pages\ContactForm\ContactForm.js", "JavaScript", 0, 0, 0, 0, 0, 0, 83, 0, 0, 0, 0, 1, 3, 87
"e:\Programming\EliteMangaNew\ui\src\Display\Web\Pages\Home\Hero.js", "JavaScript", 0, 0, 0, 0, 0, 0, 24, 0, 0, 0, 0, 0, 2, 26
"e:\Programming\EliteMangaNew\ui\src\Display\Web\Pages\Home\Heroes.js", "JavaScript", 0, 0, 0, 0, 0, 0, 62, 0, 0, 0, 0, 0, 3, 65
"e:\Programming\EliteMangaNew\ui\src\Display\Web\Pages\Home\Home.js", "JavaScript", 0, 0, 0, 0, 0, 0, 77, 0, 0, 0, 0, 2, 7, 86
"e:\Programming\EliteMangaNew\ui\src\Display\Web\Pages\Home\HotAnime.js", "JavaScript", 0, 0, 0, 0, 0, 0, 64, 0, 0, 0, 0, 0, 2, 66
"e:\Programming\EliteMangaNew\ui\src\Display\Web\Pages\Home\HotManga.js", "JavaScript", 0, 0, 0, 0, 0, 0, 64, 0, 0, 0, 0, 0, 2, 66
"e:\Programming\EliteMangaNew\ui\src\Display\Web\Pages\Home\LatestAnime.js", "JavaScript", 0, 0, 0, 0, 0, 0, 62, 0, 0, 0, 0, 0, 3, 65
"e:\Programming\EliteMangaNew\ui\src\Display\Web\Pages\Home\LatestManga.js", "JavaScript", 0, 0, 0, 0, 0, 0, 64, 0, 0, 0, 0, 0, 3, 67
"e:\Programming\EliteMangaNew\ui\src\Display\Web\Pages\Home\Left.js", "JavaScript", 0, 0, 0, 0, 0, 0, 75, 0, 0, 0, 0, 0, 3, 78
"e:\Programming\EliteMangaNew\ui\src\Display\Web\Pages\Home\Lists.js", "JavaScript", 0, 0, 0, 0, 0, 0, 60, 0, 0, 0, 0, 0, 3, 63
"e:\Programming\EliteMangaNew\ui\src\Display\Web\Pages\Home\Unreleased.js", "JavaScript", 0, 0, 0, 0, 0, 0, 78, 0, 0, 0, 0, 0, 3, 81
"e:\Programming\EliteMangaNew\ui\src\Display\Web\Pages\HotManga.js\HotManga.js", "JavaScript", 0, 0, 0, 0, 0, 0, 67, 0, 0, 0, 0, 0, 4, 71
"e:\Programming\EliteMangaNew\ui\src\Display\Web\Pages\ListDetail\ListDetail.js", "JavaScript", 0, 0, 0, 0, 0, 0, 126, 0, 0, 0, 0, 0, 3, 129
"e:\Programming\EliteMangaNew\ui\src\Display\Web\Pages\List\Lists.js", "JavaScript", 0, 0, 0, 0, 0, 0, 88, 0, 0, 0, 0, 0, 3, 91
"e:\Programming\EliteMangaNew\ui\src\Display\Web\Pages\Login\Login.js", "JavaScript", 0, 0, 0, 0, 0, 0, 160, 0, 0, 0, 0, 1, 4, 165
"e:\Programming\EliteMangaNew\ui\src\Display\Web\Pages\MangaDetail\DetailTabs\Comment.js", "JavaScript", 0, 0, 0, 0, 0, 0, 231, 0, 0, 0, 0, 1, 8, 240
"e:\Programming\EliteMangaNew\ui\src\Display\Web\Pages\MangaDetail\DetailTabs\ElitemangaReview.js", "JavaScript", 0, 0, 0, 0, 0, 0, 158, 0, 0, 0, 0, 0, 9, 167
"e:\Programming\EliteMangaNew\ui\src\Display\Web\Pages\MangaDetail\DetailTabs\MangaInfo.js", "JavaScript", 0, 0, 0, 0, 0, 0, 37, 0, 0, 0, 0, 0, 2, 39
"e:\Programming\EliteMangaNew\ui\src\Display\Web\Pages\MangaDetail\DetailTabs\Readon.js", "JavaScript", 0, 0, 0, 0, 0, 0, 64, 0, 0, 0, 0, 0, 2, 66
"e:\Programming\EliteMangaNew\ui\src\Display\Web\Pages\MangaDetail\DetailTabs\Reply.js", "JavaScript", 0, 0, 0, 0, 0, 0, 14, 0, 0, 0, 0, 0, 3, 17
"e:\Programming\EliteMangaNew\ui\src\Display\Web\Pages\MangaDetail\DetailTabs\UserReview.js", "JavaScript", 0, 0, 0, 0, 0, 0, 325, 0, 0, 0, 0, 1, 11, 337
"e:\Programming\EliteMangaNew\ui\src\Display\Web\Pages\MangaDetail\Info.js", "JavaScript", 0, 0, 0, 0, 0, 0, 73, 0, 0, 0, 0, 0, 2, 75
"e:\Programming\EliteMangaNew\ui\src\Display\Web\Pages\MangaDetail\MangaDetail.js", "JavaScript", 0, 0, 0, 0, 0, 0, 78, 0, 0, 0, 0, 1, 4, 83
"e:\Programming\EliteMangaNew\ui\src\Display\Web\Pages\MangaDetail\NormalCard.js", "JavaScript", 0, 0, 0, 0, 0, 0, 76, 0, 0, 0, 0, 0, 3, 79
"e:\Programming\EliteMangaNew\ui\src\Display\Web\Pages\MangaDetail\SimilarManga.js", "JavaScript", 0, 0, 0, 0, 0, 0, 91, 0, 0, 0, 0, 0, 2, 93
"e:\Programming\EliteMangaNew\ui\src\Display\Web\Pages\MangaList\MangaList.js", "JavaScript", 0, 0, 0, 0, 0, 0, 83, 0, 0, 0, 0, 1, 2, 86
"e:\Programming\EliteMangaNew\ui\src\Display\Web\Pages\PasswordReset\PasswordReset.js", "JavaScript", 0, 0, 0, 0, 0, 0, 77, 0, 0, 0, 0, 1, 2, 80
"e:\Programming\EliteMangaNew\ui\src\Display\Web\Pages\Profile\Profile.js", "JavaScript", 0, 0, 0, 0, 0, 0, 95, 0, 0, 0, 0, 57, 5, 157
"e:\Programming\EliteMangaNew\ui\src\Display\Web\Pages\Profile\Stats.js", "JavaScript", 0, 0, 0, 0, 0, 0, 27, 0, 0, 0, 0, 0, 2, 29
"e:\Programming\EliteMangaNew\ui\src\Display\Web\Pages\Profile\UploadIcon.1cedb6e9.svg", "XML", 0, 0, 0, 0, 0, 0, 0, 0, 1, 0, 0, 0, 0, 1
"e:\Programming\EliteMangaNew\ui\src\Display\Web\Pages\RandomManga\RandomManga.js", "JavaScript", 0, 0, 0, 0, 0, 0, 146, 0, 0, 0, 0, 7, 5, 158
"e:\Programming\EliteMangaNew\ui\src\Display\Web\Pages\RandomManga\display.js", "JavaScript", 0, 0, 0, 0, 0, 0, 23, 0, 0, 0, 0, 0, 4, 27
"e:\Programming\EliteMangaNew\ui\src\Display\Web\Pages\Recents\Recents.js", "JavaScript", 0, 0, 0, 0, 0, 0, 50, 0, 0, 0, 0, 2, 3, 55
"e:\Programming\EliteMangaNew\ui\src\Display\Web\Pages\Search\Search.js", "JavaScript", 0, 0, 0, 0, 0, 0, 78, 0, 0, 0, 0, 1, 4, 83
"e:\Programming\EliteMangaNew\ui\src\Display\Web\Pages\Signup\Profile.js", "JavaScript", 0, 0, 0, 0, 0, 0, 86, 0, 0, 0, 0, 41, 4, 131
"e:\Programming\EliteMangaNew\ui\src\Display\Web\Pages\Signup\SignStepper.js", "JavaScript", 0, 0, 0, 0, 0, 0, 21, 0, 0, 0, 0, 0, 3, 24
"e:\Programming\EliteMangaNew\ui\src\Display\Web\Pages\Signup\SignUp.js", "JavaScript", 0, 0, 0, 0, 0, 0, 218, 0, 0, 0, 0, 1, 9, 228
"e:\Programming\EliteMangaNew\ui\src\Display\Web\Pages\UserReview\Reply.js", "JavaScript", 0, 0, 0, 0, 0, 0, 14, 0, 0, 0, 0, 0, 3, 17
"e:\Programming\EliteMangaNew\ui\src\Display\Web\Pages\UserReview\Reviews.js", "JavaScript", 0, 0, 0, 0, 0, 0, 182, 0, 0, 0, 0, 1, 5, 188
"e:\Programming\EliteMangaNew\ui\src\Display\Web\Pages\UserReview\UserReviews.js", "JavaScript", 0, 0, 0, 0, 0, 0, 148, 0, 0, 0, 0, 0, 7, 155
"e:\Programming\EliteMangaNew\ui\src\Display\Web\Pages\Viewer\Viewer.js", "JavaScript", 0, 0, 0, 0, 0, 0, 209, 0, 0, 0, 0, 0, 7, 216
"e:\Programming\EliteMangaNew\ui\src\Display\Web\Pages\components\BlogView.js", "JavaScript", 0, 0, 0, 0, 0, 0, 0, 0, 0, 0, 0, 0, 1, 1
"e:\Programming\EliteMangaNew\ui\src\Display\Web\Pages\components\MangaCards\LastReadIcon.js", "JavaScript", 0, 0, 0, 0, 0, 0, 78, 0, 0, 0, 0, 0, 3, 81
"e:\Programming\EliteMangaNew\ui\src\Display\Web\Pages\components\MangaCards\LastUpdatedManga.js", "JavaScript", 0, 0, 0, 0, 0, 0, 76, 0, 0, 0, 0, 0, 2, 78
"e:\Programming\EliteMangaNew\ui\src\Display\Web\Pages\components\MangaCards\SingleManga.js", "JavaScript", 0, 0, 0, 0, 0, 0, 114, 0, 0, 0, 0, 0, 3, 117
"e:\Programming\EliteMangaNew\ui\src\Display\Web\Pages\components\MangaCards\sidebarCard\SideCard.js", "JavaScript", 0, 0, 0, 0, 0, 0, 81, 0, 0, 0, 0, 0, 2, 83
"e:\Programming\EliteMangaNew\ui\src\Display\Web\Pages\components\Placeholders\PlaceholderCard.js", "JavaScript", 0, 0, 0, 0, 0, 0, 24, 0, 0, 0, 0, 0, 4, 28
"e:\Programming\EliteMangaNew\ui\src\Display\Web\Pages\components\Placeholders\PlaceholderItem.js", "JavaScript", 0, 0, 0, 0, 0, 0, 15, 0, 0, 0, 0, 0, 3, 18
"e:\Programming\EliteMangaNew\ui\src\Display\Web\Pages\components\PollsView.js", "JavaScript", 0, 0, 0, 0, 0, 0, 0, 0, 0, 0, 0, 0, 1, 1
"e:\Programming\EliteMangaNew\ui\src\Display\Web\Pages\components\Pop.js", "JavaScript", 0, 0, 0, 0, 0, 0, 24, 0, 0, 0, 0, 0, 2, 26
"e:\Programming\EliteMangaNew\ui\src\Display\Web\Test.js", "JavaScript", 0, 0, 0, 0, 0, 0, 13, 0, 0, 0, 0, 0, 2, 15
"e:\Programming\EliteMangaNew\ui\src\Display\Web\Web.js", "JavaScript", 0, 0, 0, 0, 0, 0, 39, 0, 0, 0, 0, 0, 4, 43
"e:\Programming\EliteMangaNew\ui\src\Display\Web\loader.js", "JavaScript", 0, 0, 0, 0, 0, 0, 14, 0, 0, 0, 0, 0, 2, 16
"e:\Programming\EliteMangaNew\ui\src\Display\Web\routes.js", "JavaScript", 0, 0, 0, 0, 0, 0, 61, 0, 0, 0, 0, 3, 3, 67
"e:\Programming\EliteMangaNew\ui\src\Switcher.js", "JavaScript", 0, 0, 0, 0, 0, 0, 23, 0, 0, 0, 0, 0, 6, 29
"e:\Programming\EliteMangaNew\ui\src\back.svg", "XML", 0, 0, 0, 0, 0, 0, 0, 0, 286, 0, 0, 1, 1, 288
"e:\Programming\EliteMangaNew\ui\src\bg.svg", "XML", 0, 0, 0, 0, 0, 0, 0, 0, 16, 0, 0, 1, 1, 18
"e:\Programming\EliteMangaNew\ui\src\firebase-messaging-sw.js", "JavaScript", 0, 0, 0, 0, 0, 0, 0, 0, 0, 0, 0, 0, 1, 1
"e:\Programming\EliteMangaNew\ui\src\index.css", "CSS", 0, 0, 0, 0, 0, 0, 0, 0, 0, 0, 37, 5, 2, 44
"e:\Programming\EliteMangaNew\ui\src\index.js", "JavaScript", 0, 0, 0, 0, 0, 0, 28, 0, 0, 0, 0, 4, 6, 38
"e:\Programming\EliteMangaNew\ui\src\logo.svg", "XML", 0, 0, 0, 0, 0, 0, 0, 0, 7, 0, 0, 0, 1, 8
"e:\Programming\EliteMangaNew\ui\src\mobile.css", "CSS", 0, 0, 0, 0, 0, 0, 0, 0, 0, 0, 198, 2, 6, 206
"e:\Programming\EliteMangaNew\ui\src\serviceWorker.js", "JavaScript", 0, 0, 0, 0, 0, 0, 94, 0, 0, 0, 0, 31, 13, 138
"e:\Programming\EliteMangaNew\ui\src\setupTests.js", "JavaScript", 0, 0, 0, 0, 0, 0, 1, 0, 0, 0, 0, 4, 1, 6
"e:\Programming\EliteMangaNew\ui\src\store\actions\actionTypes.js", "JavaScript", 0, 0, 0, 0, 0, 0, 8, 0, 0, 0, 0, 0, 1, 9
"e:\Programming\EliteMangaNew\ui\src\store\actions\auth.js", "JavaScript", 0, 0, 0, 0, 0, 0, 141, 0, 0, 0, 0, 13, 13, 167
"e:\Programming\EliteMangaNew\ui\src\store\reducers\auth.js", "JavaScript", 0, 0, 0, 0, 0, 0, 78, 0, 0, 0, 0, 0, 9, 87
"e:\Programming\EliteMangaNew\ui\src\store\utility.js", "JavaScript", 0, 0, 0, 0, 0, 0, 6, 0, 0, 0, 0, 0, 1, 7
"e:\Programming\EliteMangaNew\users\__init__.py", "Python", 0, 0, 0, 0, 0, 0, 0, 0, 0, 0, 0, 0, 1, 1
"e:\Programming\EliteMangaNew\users\admin.py", "Python", 0, 4, 0, 0, 0, 0, 0, 0, 0, 0, 0, 1, 2, 7
"e:\Programming\EliteMangaNew\users\apps.py", "Python", 0, 5, 0, 0, 0, 0, 0, 0, 0, 0, 0, 0, 4, 9
"e:\Programming\EliteMangaNew\users\migrations\0001_initial.py", "Python", 0, 50, 0, 0, 0, 0, 0, 0, 0, 0, 0, 1, 7, 58
"e:\Programming\EliteMangaNew\users\migrations\0002_profile_date_joined.py", "Python", 0, 14, 0, 0, 0, 0, 0, 0, 0, 0, 0, 1, 6, 21
"e:\Programming\EliteMangaNew\users\migrations\__init__.py", "Python", 0, 0, 0, 0, 0, 0, 0, 0, 0, 0, 0, 0, 1, 1
"e:\Programming\EliteMangaNew\users\models.py", "Python", 0, 50, 0, 0, 0, 0, 0, 0, 0, 0, 0, 9, 16, 75
"e:\Programming\EliteMangaNew\users\signals.py", "Python", 0, 28, 0, 0, 0, 0, 0, 0, 0, 0, 0, 1, 9, 38
"e:\Programming\EliteMangaNew\users\tests.py", "Python", 0, 1, 0, 0, 0, 0, 0, 0, 0, 0, 0, 1, 2, 4
"e:\Programming\EliteMangaNew\users\views.py", "Python", 0, 1, 0, 0, 0, 0, 0, 0, 0, 0, 0, 1, 2, 4
"Total", "-", 6, 2478, 52, 52, 3166, 24144, 21964, 38, 1138, 71, 6734, 4856, 5977, 70676